distinct,n,algo,millis,compares,moves,extraBytes,maxDepth,sorted,stable
1,20000,mergeSort,2.484,148016,574464,160008,16,1,1
1,20000,quickSort,347.470,199990000,59979,8,20000,1,0
1,20000,heapSort,0.548,59994,119995,8,1,1,0
2,20000,mergeSort,2.915,208353,574464,160008,16,1,1
2,20000,quickSort,172.628,100008556,89664,8,10093,1,0
2,20000,heapSort,2.017,268855,230202,8,1,1,0
8,20000,mergeSort,3.450,250138,574464,160008,16,1,1
8,20000,quickSort,44.114,25065288,195042,8,2598,1,0
8,20000,heapSort,3.450,457930,335313,8,1,1,0
64,20000,mergeSort,3.942,260057,574464,160008,16,1,1
64,20000,quickSort,7.493,3278769,348882,8,356,1,0
64,20000,heapSort,4.152,506187,365124,8,1,1,0
512,20000,mergeSort,4.317,260846,574464,160008,16,1,1
512,20000,quickSort,3.357,612690,402369,8,70,1,0
512,20000,heapSort,4.520,510624,368122,8,1,1,0
4096,20000,mergeSort,4.593,260877,574464,160008,16,1,1
4096,20000,quickSort,3.412,348505,482076,8,34,1,0
4096,20000,heapSort,4.543,510587,368334,8,1,1,0
20000,20000,mergeSort,4.641,260875,574464,160008,16,1,1
20000,20000,quickSort,3.534,317983,484209,8,30,1,0
20000,20000,heapSort,4.656,510883,368459,8,1,1,0
