scope,input,n,algo,millis,compares,moves,extraBytes,maxDepth,sorted,stable
kinds,random,20000,mergeSort,6.122,260891,574464,160008,16,1,-1
kinds,random,20000,quickSort,4.533,319817,472386,8,31,1,-1
kinds,random,20000,heapSort,5.810,510783,368374,8,1,1,-1
kinds,sorted,20000,mergeSort,4.107,148016,574464,160008,16,1,-1
kinds,sorted,20000,quickSort,1.976,354792,60090,8,34,1,-1
kinds,sorted,20000,heapSort,4.823,529074,382874,8,1,1,-1
kinds,reversed,20000,mergeSort,2.185,139216,574464,160008,16,1,-1
kinds,reversed,20000,quickSort,1.802,349347,405954,8,35,1,-1
kinds,reversed,20000,heapSort,3.032,493307,354330,8,1,1,-1
kinds,few-unique,20000,mergeSort,2.856,250138,574464,160008,16,1,1
kinds,few-unique,20000,quickSort,37.065,25065288,195042,8,2598,1,0
kinds,few-unique,20000,heapSort,3.510,457930,335313,8,1,1,0
growth,random,1000,mergeSort,0.153,8720,19952,8008,11,1,-1
growth,random,1000,quickSort,0.106,10104,14574,8,20,1,-1
growth,random,1000,heapSort,0.146,16886,14074,8,1,1,-1
growth,random,4000,mergeSort,0.763,42798,95808,32008,13,1,-1
growth,random,4000,quickSort,0.577,55268,83511,8,30,1,-1
growth,random,4000,heapSort,0.743,83428,64321,8,1,1,-1
growth,random,16000,mergeSort,3.643,203227,447232,128008,15,1,-1
growth,random,16000,quickSort,2.750,248767,390243,8,31,1,-1
growth,random,16000,heapSort,2.819,397650,289293,8,1,1,-1
growth,random,64000,mergeSort,13.192,941144,2044928,512008,17,1,1
growth,random,64000,quickSort,10.380,1234986,1878120,8,40,1,0
growth,random,64000,heapSort,17.312,1846254,1284578,8,1,1,0
growth,random,256000,mergeSort,76.242,4276468,9203712,2048008,19,1,1
growth,random,256000,quickSort,61.062,5824707,8353941,8,44,1,0
growth,random,256000,heapSort,67.130,8409572,5651637,8,1,1,0
growth,random,1024000,mergeSort,293.065,19154394,40910848,8192008,21,1,1
growth,random,1024000,quickSort,240.253,24995595,38273835,8,47,1,0
growth,random,1024000,heapSort,393.415,37736149,24655703,8,1,1,0
